ISO3,FIPS
AFG,AF
AIA,AV
ALB,AL
ALA,null
DZA,AG
AND,AN
AGO,AO
BES,NL
ARG,AR
ARM,AM
ABW,AA
ASM,AQ
ATG,AC
AUS,AS
AUT,AU
AZE,AJ
BHS,BF
BGD,BG
BDI,BY
BEL,BE
BEN,BN
BMU,BD
BFA,UV
BHR,BA
BTN,BT
BIH,BK
BLR,BO
BLZ,BH
BOL,BL
BWA,BC
BRA,BR
BRB,BB
BRN,BX
BGR,BU
KHM,CB
CAN,CA
CYM,CJ
CCK,CK
COG,CF
TCD,CD
CHL,CI
CHN,CH
CIV,IV
CMR,CM
COD,CG
COK,CW
COL,CO
COM,CN
CPV,CV
CRI,CS
HRV,HR
CAF,CT
CUB,CU
CXR,KT
CYP,CY
CZE,EZ
DNK,DA
DJI,DJ
DMA,DO
DOM,DR
ECU,EC
EGY,EG
GNQ,EK
ERI,ER
ESP,SP
EST,EN
ETH,ET
FJI,FJ
FIN,FI
FLK,FK
FRA,FR
FRO,FO
FSM,FM
GAB,GB
GMB,GA
GGY,GK
JEY,JE
IMN,IM
GIB,GI
GEO,GG
DEU,GM
GHA,GH
GLP,GP
GNB,PU
GRC,GR
GRL,GL
GRD,GJ
GTM,GT
GUF,FG
GIN,GV
GUM,GQ
GUY,GY
HTI,HA
HKG,HK
HND,HO
HUN,HU
IDN,ID
IND,IN
IRL,EI
IRN,IR
IRQ,IZ
ISL,IC
ISR,IS
ITA,IT
JAM,JM
JOR,JO
JPN,JA
KAZ,KZ
KEN,KE
KGZ,KG
KIR,KR
KOR,KS
SAU,SA
KWT,KU
LAO,LA
LBR,LI
LBY,LY
LCA,ST
LSO,LT
LBN,LE
LIE,LS
LTU,LH
LUX,LU
LVA,LG
MAC,MC
MDG,MA
MAR,MO
MYS,MY
MDA,MD
MDV,MV
MEX,MX
MHL,RM
MKD,MK
MLI,ML
MLT,MT
MNE,MJ
MNG,MG
MCO,MN
MOZ,MZ
MUS,MP
MSR,MH
MRT,MR
MTQ,MB
MWI,MI
MMR,BM
MYT,MF
NAM,WA
NIC,NU
NCL,NC
NLD,NL
NPL,NP
NFK,NF
NGA,NI
NER,NG
NIU,NE
MNP,CQ
NOR,NO
NRU,NR
NZL,NZ
OMN,MU
PAK,PK
PAN,PM
PRY,PA
PCN,PC
PER,PE
PHL,RP
PSE,GZWE
PLW,PS
PNG,PP
POL,PL
PRT,PO
PRK,KN
PRI,RQ
QAT,QA
REU,RE
ATA,AY
ROU,RO
ZAF,SF
RUS,RS
RWA,RW
ESH,WI
WSM,WS
SEN,SG
SYC,SE
SHN,SH
SGP,SN
KNA,SC
SLE,SL
SLV,ES
SMR,SM
SLB,BP
SOM,SO
SPM,SB
SRB,RIKV
LKA,CE
STP,TP
SDN,SU
CHE,SZ
SUR,NS
SVK,LO
SVN,SI
SWE,SW
SWZ,WZ
SYR,SY
PYF,FP
TZA,TZ
TCA,TK
TON,TN
THA,TH
TJK,TI
TKL,TL
TKM,TX
TLS,TT
TGO,TO
TWN,TW
TTO,TD
TUN,TS
TUR,TU
TUV,TV
ARE,AE
UGA,UG
UKR,UP
URY,UY
USA,US
UZB,UZ
VUT,NH
VAT,VT
VEN,VE
VGB,VI
VNM,VM
VCT,VC
VIR,VQ
WLF,WF
YEM,YM
ZMB,ZA
ZWE,ZI
BVT,BV
IOT,IO
CUW,UC
ATF,FS
HMD,HM
BLM,TB
MAF,RN
SXM,NN
SGS,SX
SSD,OD
SJM,SVJN
GBR,UK
UMI,a